"V1","V2"
"/pic/projects/GCAM/CMIP5-CLynch/PH_extra/historical/ph_Omon_CanESM2_historical_r1i1p1_185001-200512.nc","N"
"/pic/projects/GCAM/CMIP5-CLynch/PH_extra/historical/ph_Omon_CESM1-BGC_historical_r1i1p1_185001-200512.nc","N"
"/pic/projects/GCAM/CMIP5-CLynch/PH_extra/historical/ph_Omon_CMCC-CESM_historical_r1i1p1_185001-200512.nc","N"
"/pic/projects/GCAM/CMIP5-CLynch/PH_extra/historical/ph_Omon_GFDL-ESM2G_historical_r1i1p1_190101-200512.nc","N"
"/pic/projects/GCAM/CMIP5-CLynch/PH_extra/historical/ph_Omon_GFDL-ESM2M_historical_r1i1p1_186101-200512.nc","N"
"/pic/projects/GCAM/CMIP5-CLynch/PH_extra/historical/ph_Omon_HadGEM2-CC_historical_r1i1p1_185912-200511.nc","N"
"/pic/projects/GCAM/CMIP5-CLynch/PH_extra/historical/ph_Omon_IPSL-CM5A-MR_historical_r1i1p1_195001-200512.nc","N"
"/pic/projects/GCAM/CMIP5-CLynch/PH_extra/historical/ph_Omon_MPI-ESM-LR_historical_r1i1p1_185001-200512.nc","N"
"/pic/projects/GCAM/CMIP5-CLynch/PH_extra/historical/ph_Omon_MPI-ESM-MR_historical_r1i1p1_190001-200512.nc","N"
"/pic/projects/GCAM/CMIP5-CLynch/PH_extra/historical/ph_Omon_NorESM1-ME_historical_r1i1p1_185001-200512.nc","N"
"/pic/projects/GCAM/CMIP5-CLynch/PH_extra/historical/xph_Omon_HadGEM2-ES_historical_r1i1p1_195912-200512.nc","N"
"/pic/projects/GCAM/CMIP5-CLynch/PH_extra/ph_Omon_IPSL-CM5A-LR_historical_r1i1p1_185001-200512.nc","N"
"/pic/projects/GCAM/CMIP5-CLynch/PH_extra/ph_Omon_IPSL-CM5A-MR_historical_r1i1p1_185001-200512.nc","N"
"/pic/projects/GCAM/CMIP5-CLynch/PH_extra/ph_Omon_IPSL-CM5B-LR_historical_r1i1p1_185001-200512.nc","N"
"/pic/projects/GCAM/CMIP5-CLynch/PH_extra/ph_Omon_MRI-ESM1_historical_r1i1p1_185101-200512.nc","N"
"/pic/projects/GCAM/CMIP5-CLynch/PH_extra/ph_Omon_MRI-ESM1_rcp85_r1i1p1_200601-210012.nc","N"
"/pic/projects/GCAM/CMIP5-CLynch/PH_extra/rcp85/ph_Omon_CanESM2_rcp85_r1i1p1_200601-210012.nc","N"
"/pic/projects/GCAM/CMIP5-CLynch/PH_extra/rcp85/ph_Omon_CESM1-BGC_rcp85_r1i1p1_200601-210012.nc","N"
"/pic/projects/GCAM/CMIP5-CLynch/PH_extra/rcp85/ph_Omon_CMCC-CESM_rcp85_r1i1p1_200601-210012.nc","N"
"/pic/projects/GCAM/CMIP5-CLynch/PH_extra/rcp85/ph_Omon_GFDL-ESM2G_rcp85_r1i1p1_200601-210012.nc","N"
"/pic/projects/GCAM/CMIP5-CLynch/PH_extra/rcp85/ph_Omon_GFDL-ESM2M_rcp85_r1i1p1_200601-210012.nc","N"
"/pic/projects/GCAM/CMIP5-CLynch/PH_extra/rcp85/ph_Omon_HadGEM2-CC_rcp85_r1i1p1_200512-210012.nc","N"
"/pic/projects/GCAM/CMIP5-CLynch/PH_extra/rcp85/ph_Omon_IPSL-CM5A-LR_rcp85_r1i1p1_200601-210512.nc","N"
"/pic/projects/GCAM/CMIP5-CLynch/PH_extra/rcp85/ph_Omon_IPSL-CM5A-MR_rcp85_r1i1p1_200601-210012.nc","N"
"/pic/projects/GCAM/CMIP5-CLynch/PH_extra/rcp85/ph_Omon_IPSL-CM5B-LR_rcp85_r1i1p1_200601-210012.nc","N"
"/pic/projects/GCAM/CMIP5-CLynch/PH_extra/rcp85/ph_Omon_MPI-ESM-LR_rcp85_r1i1p1_200601-210012.nc","N"
"/pic/projects/GCAM/CMIP5-CLynch/PH_extra/rcp85/ph_Omon_MPI-ESM-MR_rcp85_r1i1p1_200601-210012.nc","N"
"/pic/projects/GCAM/CMIP5-CLynch/PH_extra/rcp85/ph_Omon_NorESM1-ME_rcp85_r1i1p1_200601-210012.nc","N"
"/pic/projects/GCAM/CMIP5-CLynch/PH_extra/rcp85/xph_Omon_HadGEM2-ES_rcp85_r1i1p1_200512-209912.nc","N"
"/pic/projects/GCAM/CMIP5-CLynch/PH_extra/rcp85/xxph_Omon_GFDL-ESM2M_rcp85_r1i1p1_200601-210012.nc","N"
"/pic/projects/GCAM/CMIP5-CLynch/PH_extra/rgph_Omon_GFDL-ESM2M_historical_r1i1p1_185001-200512.nc","N"
"/pic/projects/GCAM/CMIP5-CLynch/PH_extra/rgph_Omon_GFDL-ESM2M_rcp85_r1i1p1_200601-210012.nc","N"
"/pic/projects/GCAM/CMIP5-CLynch/PH_extra/rgph_Omon_IPSL-CM5A-LR_historical_r1i1p1_185001-200512.nc","N"
"/pic/projects/GCAM/CMIP5-CLynch/PH_extra/rgph_Omon_IPSL-CM5A-LR_rcp85_r1i1p1_200601-210012.nc","N"
"/pic/projects/GCAM/CMIP5-CLynch/PH_extra/rgph_Omon_IPSL-CM5A-MR_historical_r1i1p1_185001-200512.nc","N"
"/pic/projects/GCAM/CMIP5-CLynch/PH_extra/rgph_Omon_IPSL-CM5A-MR_rcp85_r1i1p1_200601-210012.nc","N"
"/pic/projects/GCAM/CMIP5-CLynch/PH_extra/rgph_Omon_IPSL-CM5B-LR_historical_r1i1p1_185001-200512.nc","N"
"/pic/projects/GCAM/CMIP5-CLynch/PH_extra/rgph_Omon_IPSL-CM5B-LR_rcp85_r1i1p1_200601-210012.nc","N"
"/pic/projects/GCAM/CMIP5-CLynch/PH_extra/rgph_Omon_MRI-ESM1_historical_r1i1p1_185101-200512.nc","N"
"/pic/projects/GCAM/CMIP5-CLynch/PH_extra/rgph_Omon_MRI-ESM1_rcp85_r1i1p1_200601-210012.nc","N"
